client_id,cumulative_shapley
0,0.07090439759250731
1,0.09151061459719205
2,0.06935443617878481
3,0.06341053227046506
4,-0.25919192873234864
