client_id,cumulative_shapley
0,0.1466563026420772
1,0.16158225598745046
2,0.13704400103539227
3,0.17593025048263375
4,-0.18940170357003808
