{
  "0": 0.00038503456115711234,
  "1": -7.89481798807594e-05,
  "2": -0.00044863939285271956,
  "3": -0.004421561876932782,
  "4": 0.0003729031880696918
}