client_id,cumulative_shapley
0,0.26614708952605737
1,0.23648972833529117
2,0.24034207453019923
3,0.27753888722509146
4,-0.605114965736866
