{
  "0": -1920.235620177661,
  "1": -1923.4268485253417,
  "2": -1927.087516967307,
  "3": -1880.6667249428672,
  "4": -1886.1214458129784
}