client_id,cumulative_shapley
0,0.14638396042557436
1,0.16393235104181805
2,0.1082611151644494
3,0.13535165719967335
4,-0.15739391722772272
