client_id,cumulative_shapley
0,0.0692122479600832
1,0.08065907776895911
2,0.11089672510558739
3,0.07627806088784707
4,-0.1491872067799792
