client_id,cumulative_shapley
0,0.05651400350034236
1,0.0876686641760171
2,0.07898160137236121
3,0.09265552021563055
4,-0.18908631168305873
