client_id,cumulative_shapley
0,0.05934009445831182
1,0.06982574854046107
2,0.09988858666270972
3,0.06674585352651775
4,-0.15836733881384135
