{
  "0": -0.0021173774719237984,
  "1": 0.00044134343465177125,
  "2": -0.002371542326609344,
  "3": 0.000278008588155143,
  "4": 0.0010968802452088126
}