client_id,cumulative_shapley
0,0.2868166946724057
1,0.2738691068297485
2,0.2761363139426335
3,0.3337902178385295
4,-0.6262644705098123
