{
  "0": -2017.1430529072895,
  "1": -1964.2802932345237,
  "2": -1982.2313272809497,
  "3": -1987.5528817969398,
  "4": -1961.3707787978558
}