client_id,cumulative_shapley
0,0.10986651055859402
1,0.10225483274948789
2,0.05368422864861788
3,0.09822661858666687
4,-0.21413725447114562
