client_id,cumulative_shapley
0,0.17143666603337038
1,0.13343035225805358
2,0.14699936549989506
3,0.18463944315696132
4,-0.17452056561494245
