client_id,cumulative_shapley
0,0.1224285854055546
1,0.09973425850197674
2,0.09331323481388389
3,0.11119251357354222
4,-0.2205146864904091
