client_id,cumulative_shapley
0,0.1464113582111896
1,0.11154712757095693
2,0.1358691983297467
3,0.1064063322916627
4,-0.1642968566343189
