{
  "0": -0.000636481189727745,
  "1": -0.0024134646097818016,
  "2": -0.0002256886800130549,
  "3": 0.00095110314687085,
  "4": -0.0007022058804829831
}