client_id,cumulative_shapley
0,0.06182295483630153
1,0.09466153869107363
2,0.08507860249634831
3,0.09805864077545703
4,-0.18307689982485018
