client_id,cumulative_shapley
0,0.2614035179813394
1,0.2534907743298913
2,0.252464714344684
3,0.24020613850681108
4,-0.7524674977056681
