{
  "0": -0.0035348051706950508,
  "1": -0.0002007290840149613,
  "2": -0.001096473884582457,
  "3": -0.0022669873555500953,
  "4": -0.0015539624214171877
}