{
  "0": -1872.3760048009383,
  "1": -1925.6049891480513,
  "2": -1924.3165311218675,
  "3": -1918.3887875905803,
  "4": -1921.9899749080798
}