{
  "0": 0.0010052930196126296,
  "1": -5.5389595031685255e-05,
  "2": -0.0017219891866048001,
  "3": -0.0031246071179707423,
  "4": -0.0016858533541361947
}