{
  "0": 0.0013520943323769817,
  "1": 0.0033231943448385724,
  "2": -0.0047894326845805265,
  "3": -0.002050795078277568,
  "4": 0.00021339909235641827
}