{
  "0": -0.001851882044474403,
  "1": -0.0010147209803263706,
  "2": 0.00020844723383594372,
  "3": -0.001101088905334528,
  "4": -0.0010401270230610436
}