{
  "0": -1931.5778198230253,
  "1": -1928.1893873304016,
  "2": -1929.5539973660743,
  "3": -1912.55019468504,
  "4": -1935.1326523190933
}