{
  "0": -0.0016189829826355198,
  "1": -0.001159908644358406,
  "2": 0.0011259752591450771,
  "3": -0.001021767965952436,
  "4": 0.0018303487777709222
}