client_id,cumulative_shapley
0,0.16847846507411443
1,0.12970605279835865
2,0.15764660865720362
3,0.12325074851922697
4,-0.14543489189236422
