{
  "0": -2020.7943769187625,
  "1": -2028.5372939027386,
  "2": -2049.547523371152,
  "3": -2010.6392630382804,
  "4": -2053.21980862243
}