{
  "0": -2009.742356589016,
  "1": -2028.0821433816564,
  "2": -1986.4813121458826,
  "3": -2016.179458955202,
  "4": -2018.1969802588414
}