client_id,cumulative_shapley
0,0.13120880774222313
1,0.1468630737811327
2,0.09385084782727059
3,0.11961894648149611
4,-0.17297210983466355
