{
  "0": -1909.5781422572277,
  "1": -1939.4745441446241,
  "2": -1942.5322188843243,
  "3": -1950.2541898726606,
  "4": -1952.5839931008145
}