{
  "0": -1925.6712786961143,
  "1": -1901.801104840288,
  "2": -1927.804832861906,
  "3": -1887.830642054374,
  "4": -1875.9870385159297
}