client_id,cumulative_shapley
0,0.28147616281732907
1,0.2322744662369368
2,0.26156651015933596
3,0.22010114341210577
4,-0.6711451344241388
