{
  "0": -2003.9139307563541,
  "1": -1992.022472860058,
  "2": -2010.2072049849796,
  "3": -1970.6848182789186,
  "4": -1987.6637918086283
}