{
  "0": -2059.5273839388874,
  "1": -2070.755648722216,
  "2": -2046.1548115115943,
  "3": -2063.2039977106742,
  "4": -2042.2392148792578
}