client_id,cumulative_shapley
0,0.12554040460204705
1,0.14179836450666183
2,0.17350555946640672
3,0.12401692614303905
4,-0.1700868158914149
