client_id,cumulative_shapley
0,0.11581765558570624
1,0.13179703604429965
2,0.16605587204918262
3,0.11370144376531244
4,-0.18057461038231848
