client_id,cumulative_shapley
0,0.16477393397509588
1,0.18348753791286132
2,0.15490561647806317
3,0.19668423256487585
4,-0.1756477891180664
