client_id,cumulative_shapley
0,4.036077171228826
1,-0.9435570138599725
2,0.44347154920222237
3,4.164895128309726
4,0.2531561382114887
