client_id,cumulative_shapley
0,0.5180363953765481
1,0.23735208366066216
2,0.46055969336535774
3,0.6802978201583028
4,0.13845349125505887
