{
  "0": -0.002232512187957739,
  "1": 0.00032047952016195803,
  "2": -0.0023945068836212467,
  "3": -0.0008033053398131503,
  "4": 0.00018384620348605276
}