{
  "0": 0.005935904534657924,
  "1": -0.0017811234474181868,
  "2": -0.007884249973297227,
  "3": 0.0027152413050332965,
  "4": 0.0016494643211365364
}