client_id,cumulative_shapley
0,0.03213644375558943
1,0.055348935499787366
2,0.03301264577079566
3,0.02648491898551587
4,0.03649179842323065
