{
  "0": -1.574039459292017e-06,
  "1": 0.0017149297396340895,
  "2": -0.0015096537272136408,
  "3": -0.005184865792592179,
  "4": -0.0016475288073221816
}