client_id,cumulative_shapley
0,0.06975285594817253
1,0.0780971174687147
2,0.08838498522993185
3,0.05454695315565914
4,0.06777234209235758
