client_id,cumulative_shapley
0,0.024856629874557265
1,0.1521889332681894
2,-0.00015507092699412333
3,0.2779402939975262
4,0.11639629927929487
