{
  "0": -0.001704148101806561,
  "1": 0.0015205914497375592,
  "2": -0.0019480573018392606,
  "3": 0.003349239222208719,
  "4": -0.003426439889272011
}