client_id,cumulative_shapley
0,0.5785627126041801
1,0.3025721955136395
2,0.021748561604181295
3,0.6460762359225192
4,-0.34393874429166316
