client_id,cumulative_shapley
0,0.6034876320231704
1,0.5588625901378689
2,0.5600923368823716
3,0.33256793249398464
4,0.2751159107126297
