client_id,cumulative_shapley
0,0.24238965269178148
1,0.2601390068791807
2,0.23610006407834586
3,0.27990179371088747
4,-0.6140217190980912
