client_id,cumulative_shapley
0,0.23026860546320677
1,0.1445608756132424
2,0.13417019491549578
3,0.14082168201915923
4,-0.5044724595919251
