{
  "0": 0.00024425894419359827,
  "1": -0.0002592591603597667,
  "2": -0.0010756263097127998,
  "3": 0.0007816094398498842,
  "4": -0.0001246930122374534
}