{
  "0": -0.0003177349408468367,
  "1": -0.0029109898249307063,
  "2": -0.005628156487146999,
  "3": -0.0012054905732473103,
  "4": -0.002152283096313449
}