client_id,cumulative_shapley
0,0.011711586723104118
1,0.030395754971541483
2,-0.006296160453930501
3,0.004614633312448858
4,0.00580337181687355
