client_id,cumulative_shapley
0,0.3254430784843863
1,0.1102056333888322
2,0.20634875865187507
3,0.13770945928525186
4,-0.22916830584406853
