{
  "0": 0.0024787703831989694,
  "1": -0.0034875118255615293,
  "2": -0.0021394110043844398,
  "3": -0.00166531438827513,
  "4": -0.003560835075378432
}