client_id,cumulative_shapley
0,0.09514280810952183
1,0.10155836022924634
2,0.09064218243584037
3,0.08872307853773238
4,0.08941116626840086
