client_id,cumulative_shapley
0,0.0007086667930707303
1,0.02682101871818303
2,0.002293335176073028
3,0.01869714971631765
4,-0.0010889696050435061
