client_id,cumulative_shapley
0,0.19461147041991356
1,0.062273366646841175
2,0.12478172071045264
3,0.2891368066240102
4,-0.4253932707011699
