client_id,cumulative_shapley
0,0.03143571941647679
1,0.057721508191898474
2,0.045440029310993856
3,0.04575739891733974
4,0.019774154461920244
