{
  "0": -0.00087191476821901,
  "1": 0.0018407962481179927,
  "2": -0.0007235942522682668,
  "3": -0.0029805869102478583,
  "4": -0.0023540424346923496
}