{
  "0": 0.000506223615010463,
  "1": -0.00141600996653255,
  "2": -0.002453490161895792,
  "3": -5.375312169391853e-05,
  "4": 0.00204177786509195
}