client_id,cumulative_shapley
0,0.2406550015346147
1,0.38331242672633364
2,0.21328798018628725
3,0.3487822751700879
4,0.7262562932632862
