client_id,cumulative_shapley
0,0.3037052050931379
1,0.1710772320814432
2,0.21629305254667996
3,0.16623410576023162
4,-0.4873079069331288
