client_id,cumulative_shapley
0,-0.06767681926488886
1,0.26821730613708505
2,0.31032034958712756
3,0.1251788253337145
4,0.2823706685565412
