client_id,cumulative_shapley
0,0.1100690764654428
1,0.06461752178147437
2,0.06239510669372975
3,0.12838311623781914
4,0.0690571030415595
