{
  "0": -0.004153859424591114,
  "1": 0.0035758422533671264,
  "2": -0.0004947021484374165,
  "3": -0.006085125096638974,
  "4": -0.006718530782063777
}