{
  "0": 3.66415341695864e-05,
  "1": -0.0017122108777364088,
  "2": -0.003083399359385227,
  "3": -0.0018467773437499911,
  "4": -0.0004458763440450412
}