{
  "0": 0.0027775806903840147,
  "1": 0.0006577750364938385,
  "2": 9.051116307764057e-06,
  "3": 0.0009113329569499174,
  "4": -0.0034567081610362115
}