client_id,cumulative_shapley
0,0.8911094136722386
1,0.5126560203731062
2,0.0589260359946639
3,0.5710675867646935
4,0.1951163585740141
