client_id,cumulative_shapley
0,0.08178899614140392
1,0.05285289013758299
2,0.014742756802588693
3,0.026292876731604357
4,-0.003828685372136535
