client_id,cumulative_shapley
0,0.031835566386580465
1,0.03641392635647208
2,0.041276145386509616
3,0.03352189937140793
4,0.03577698409091679
