client_id,cumulative_shapley
0,0.05147342985495923
1,0.07680600007297476
2,0.020707618407905082
3,0.05837271175347265
4,0.09476774719543755
