client_id,cumulative_shapley
0,0.004760908270254734
1,-0.10210736907087269
2,0.20783325558528312
3,0.11515525303781031
4,-0.031526862112805254
