client_id,cumulative_shapley
0,0.0221990423137322
1,-0.05463288623839616
2,-0.02777021927759052
3,0.033892292203381656
4,0.05481074387673291
