client_id,cumulative_shapley
0,0.22363557847216722
1,0.2166362008079886
2,0.2799848818778992
3,0.2253875128086657
4,-0.7694643842428923
