client_id,cumulative_shapley
0,0.03448932549916204
1,0.07029040963388981
2,-0.005866885501891379
3,0.038454691660590457
4,0.011068176422268152
