{
  "0": -0.0024902847131093404,
  "1": -0.004405178101857625,
  "2": -0.000571132294336955,
  "3": -0.005401339562733993,
  "4": -0.002695744069417342
}