{
  "0": -0.002068994235992405,
  "1": -0.002259707641601498,
  "2": -0.0030763371308644375,
  "3": -0.005606893332799312,
  "4": 0.000794882742563911
}