client_id,cumulative_shapley
0,0.22761513133533298
1,0.17699106406420465
2,0.20335721801966422
3,0.18884142545983199
4,-0.6210338290035725
