{
  "0": 0.0007297479947408815,
  "1": -0.00023139645258580074,
  "2": -7.959995269781752e-05,
  "3": -0.0002445528666177903,
  "4": 0.00022862949371343547
}