{
  "0": -0.00015311953226727248,
  "1": 0.00014769048690787358,
  "2": -0.0012106589953105207,
  "3": -0.0015614847819011826,
  "4": 0.0008857843399047458
}