{
  "0": -0.001981306711832683,
  "1": 0.0013123625119526214,
  "2": -0.004411451339721576,
  "3": -0.005049330870310526,
  "4": -5.9329986572209887e-05
}