client_id,cumulative_shapley
0,0.08386648045852778
1,0.004612422334030273
2,0.05096219688886774
3,0.03303503064438702
4,0.025436920346692204
