{
  "0": -0.0017370939572653196,
  "1": 0.0021401373227436958,
  "2": 0.0003403339068094385,
  "3": 0.0019508668263751752,
  "4": -0.0015838009834289843
}