client_id,cumulative_shapley
0,0.03940074156969784
1,0.03358467749785632
2,0.02696646257303654
3,0.035285952319391085
4,0.039361038962379115
