{
  "0": -0.0034966133753458217,
  "1": 0.0004163015365600709,
  "2": 0.0019723569234213188,
  "3": -0.003586425018310516,
  "4": -0.004239993921915534
}