{
  "0": 0.0011196378389993766,
  "1": -0.0006763372103372559,
  "2": -0.0013293424924213744,
  "3": 0.00029498341878249817,
  "4": -0.0002549498558043207
}