client_id,cumulative_shapley
0,0.07542284978553657
1,0.17248563110828408
2,-0.033759405957534905
3,0.07595719377510253
4,0.05367146568372848
