{
  "0": -0.00473465639750154,
  "1": -0.0018893833796183998,
  "2": 0.0003140333652495404,
  "3": -0.007058581177393686,
  "4": -0.003379012966156044
}