{
  "0": -5.528270403540119e-05,
  "1": -0.0019049535115558847,
  "2": -0.0019342054843902797,
  "3": -0.003248010746637912,
  "4": -0.0006266324838002451
}