client_id,cumulative_shapley
0,0.004865356683731083
1,0.19165534311905502
2,0.18662501670420167
3,0.23496260559651996
4,-0.42392755102366203
