{
  "0": 0.000318108749389586,
  "1": -0.002029945659637419,
  "2": 4.324773152669282e-05,
  "3": -0.005144268480936616,
  "4": -0.00692190453211452
}