client_id,cumulative_shapley
0,0.052221555280266306
1,0.016768923075869673
2,0.07131766817066816
3,0.015133848618716018
4,0.025331670753657776
