{
  "0": 0.0020498599688211216,
  "1": -0.00017368486722317127,
  "2": -0.00580598985354101,
  "3": -0.006623295895258711,
  "4": 0.0018468804836272433
}