client_id,cumulative_shapley
0,0.3071453459002078
1,0.18868378710933034
2,0.24945385836064818
3,0.33331616910174483
4,-0.6344916784763337
