{
  "0": 0.002024866199493284,
  "1": -0.0034163863499958817,
  "2": 0.0030393086433409874,
  "3": -0.0008853587150573714,
  "4": 0.000833164628346868
}