{
  "0": -0.004211925379435111,
  "1": 0.0030690353393553636,
  "2": -0.003731221071879094,
  "3": -0.0009664534250894889,
  "4": 0.001252860832214475
}