client_id,cumulative_shapley
0,0.04350589253008365
1,-0.04279687568545343
2,0.04084816511720418
3,-0.040592674389481546
4,0.03342538001481445
