client_id,cumulative_shapley
0,0.10524642573669553
1,0.06755535935284562
2,0.049221660960465694
3,0.06819543729536234
4,0.08546812314540149
