client_id,cumulative_shapley
0,0.38038941122591496
1,0.271840325286612
2,0.1512408100813627
3,0.2569780666008592
4,-0.8202666392922402
