client_id,cumulative_shapley
0,0.06710852816700931
1,0.0890396476071328
2,0.023808059617876975
3,0.05908171695657077
4,0.08022891600616275
