client_id,cumulative_shapley
0,0.12639319796115162
1,0.29614318520529215
2,0.04533757628872992
3,0.21843803969211875
4,0.055872889012098415
