{
  "0": 0.002590372212727961,
  "1": -0.0003455456415811354,
  "2": -0.006492025566100986,
  "3": -0.0011047252337138102,
  "4": -0.004930910778045706
}