client_id,cumulative_shapley
0,0.28823493123054494
1,0.22907246571034187
2,0.25870112312957644
3,0.24923060911707579
4,-0.772881055995822
