client_id,cumulative_shapley
0,0.38512856641784327
1,0.7983679538499563
2,0.1042477609473281
3,0.16646815178915858
4,0.336072562155314
