client_id,cumulative_shapley
0,0.31061175189912305
1,0.14568727605976164
2,0.2809096901770682
3,0.2968094890937208
4,-0.7579754015803339
