{
  "0": 0.0009719812711079803,
  "1": 0.0009320156415302999,
  "2": -0.0022630264918009537,
  "3": -0.0025639781316122434,
  "4": -0.0021005766550701304
}