{
  "0": 0.008353653367360306,
  "1": -0.004728304529190115,
  "2": -0.005558832311630272,
  "3": -0.002936193291346238,
  "4": -0.0013038976828257949
}