{
  "0": 0.0030132350921629656,
  "1": 0.0011814273198446077,
  "2": 0.0010126778284708462,
  "3": -0.0016956860224407455,
  "4": 0.004240605990092017
}