{
  "0": -0.0005491097132365474,
  "1": -0.0033544442812601127,
  "2": -0.0010853782653808275,
  "3": 0.0009222153663635806,
  "4": -0.006118681208292612
}