client_id,cumulative_shapley
0,0.17765526002505796
1,0.22177577945403756
2,0.17804743584711102
3,0.2556614542473106
4,-0.5754310642601921
