client_id,cumulative_shapley
0,0.054461450194939975
1,0.042125296117737875
2,0.06332882096990942
3,0.06366913456469772
4,-0.07158998422324658
