client_id,cumulative_shapley
0,1.8751337958872332
1,1.8288177511841062
2,1.8940794337564146
3,1.8404564361576925
4,-5.61398943122476
