{
  "0": -0.0011887988408407473,
  "1": -0.002053600565592384,
  "2": 0.0011066173553467024,
  "3": -0.00010605853398630864,
  "4": 0.0031914217313130672
}