client_id,cumulative_shapley
0,0.06616780344396829
1,0.08656660886481403
2,0.06646297171711923
3,0.058593605617061235
4,-0.2630843648128212
