{
  "0": 0.0004893129030862993,
  "1": -0.0030859579086304507,
  "2": -0.0018104347229003152,
  "3": -0.003897989018758256,
  "4": -0.00038460944493611633
}