{
  "0": 0.001926958942413363,
  "1": 0.0026236124674478894,
  "2": 0.00036414645512892183,
  "3": 0.0010984268824259106,
  "4": -0.00020634009043395064
}