{
  "0": -0.0016481657346090642,
  "1": -0.002738709640503016,
  "2": 0.002667880026499492,
  "3": -0.0030980790774027154,
  "4": -0.0022404950777689192
}