client_id,cumulative_shapley
0,0.08700455389916893
1,0.08431603475473821
2,0.07857811499387025
3,0.07695149509236217
4,-0.25185821693390614
