client_id,cumulative_shapley
0,0.15291745016351344
1,0.17752958551049233
2,0.15479314047843223
3,0.17056912370026114
4,-0.2238539344165474
