client_id,cumulative_shapley
0,0.003232593163847923
1,0.012023838795721529
2,0.009310386534780264
3,0.009554548710584638
4,-0.05435362547636032
