client_id,cumulative_shapley
0,0.11216296497732403
1,0.10488430450204757
2,0.11230194612406194
3,0.10678877122700214
4,-0.26800531536340716
