client_id,cumulative_shapley
0,0.685478112148121
1,0.7160070256143809
2,0.6973385839723052
3,0.7687022652756422
4,-2.2457051473855962
