client_id,cumulative_shapley
0,1.6268563192337748
1,1.6302805436775099
2,1.5952624471345913
3,1.5356897106952965
4,-4.830017323177305
