client_id,cumulative_shapley
0,0.07699032686650753
1,0.08914966914802788
2,0.08478820763528347
3,0.11959504283964632
4,0.0030856189131736773
