client_id,cumulative_shapley
0,0.20823461778927596
1,0.15997838125564165
2,0.2304110685363412
3,0.13808883466292166
4,-0.4372437844239174
