client_id,cumulative_shapley
0,0.14413632910698654
1,0.11215127823874355
2,0.10811632137745615
3,0.12496311275288458
4,-0.04115855872631074
