{
  "0": -0.003034862009684362,
  "1": -0.00255062910715728,
  "2": 0.0006246789614359129,
  "3": -0.002213256486256891,
  "4": -0.0004598291397095143
}