{
  "0": -0.00210665365854894,
  "1": -0.0037025190671284925,
  "2": -0.00017853590647380895,
  "3": -0.0066282146453857,
  "4": -0.003029485352834064
}