client_id,cumulative_shapley
0,0.32558385795215156
1,0.3037673616642133
2,0.348951849685982
3,0.32145058296620865
4,-0.8423294762056319
