client_id,cumulative_shapley
0,0.20182128481566905
1,0.22004952441900977
2,0.20135531881824134
3,0.19847098410129554
4,-0.693107944726944
