client_id,cumulative_shapley
0,0.1456002949550748
1,0.1356289245188237
2,0.11588114134967327
3,0.12481021896004674
4,-0.06652068961411715
