client_id,cumulative_shapley
0,0.04636040592566132
1,0.04741609636694192
2,0.022582557378336778
3,0.06465027301572261
4,-0.11775390297174453
