client_id,cumulative_shapley
0,0.7425833369581959
1,0.7199458576110197
2,0.6987536346539854
3,0.6818138405634084
4,-2.3469901644298807
