client_id,cumulative_shapley
0,0.5824046134389941
1,0.6194279956957326
2,0.5551449866965409
3,0.5892090696189548
4,-1.771071661980823
