client_id,cumulative_shapley
0,1.6395523120486177
1,1.7217388464882968
2,1.6742819280829273
3,1.83702255207114
4,-5.039774400591849
