{
  "0": -0.00158668594360359,
  "1": -0.0010751526832580775,
  "2": 0.0009455323537189402,
  "3": 0.001870459906260195,
  "4": -0.0012362554550170732
}