{
  "0": -0.002712558650970324,
  "1": -0.0029994607607523927,
  "2": -0.00316740948359171,
  "3": 0.001072989241282208,
  "4": -0.0017854316075643323
}