{
  "0": 0.00011186119715364334,
  "1": -0.0016746464093526574,
  "2": -0.0003838253339131903,
  "3": -0.0009710709571838803,
  "4": -0.0007158214569091753
}