client_id,cumulative_shapley
0,0.07636424070224163
1,0.09023364963009955
2,0.06796677254140382
3,0.09711422085762021
4,-0.06345632657408715
