client_id,cumulative_shapley
0,0.00475482761859894
1,0.026906718760728834
2,0.01446918088942766
3,0.013254263177514082
4,-0.06029256299138069
