{
  "0": -0.005819511063893688,
  "1": -0.006566549905141295,
  "2": -0.004063839721679623,
  "3": -0.0043219449996948715,
  "4": -0.0040877658208212505
}