client_id,cumulative_shapley
0,0.06799604296684271
1,0.056354005858302116
2,0.047183074709028015
3,0.04780254466459154
4,-0.07326714165508749
