client_id,cumulative_shapley
0,0.2801413891790433
1,0.23443573445780208
2,0.25231423106975837
3,0.2517100983555429
4,-0.5722979797795414
