{
  "0": -0.0033572146733602975,
  "1": -0.006435336653391585,
  "2": -0.002369715277353938,
  "3": -0.0043036556879678745,
  "4": -0.003394105021158859
}