{
  "0": -0.0027388494491576913,
  "1": -0.002231685129801349,
  "2": -0.004729926713307735,
  "3": -0.0005379563649495321,
  "4": 0.0003936109860737928
}