client_id,cumulative_shapley
0,0.11831837945617736
1,0.09622259940952065
2,0.09013439940288658
3,0.10759023455902939
4,-0.22428185906261208
