client_id,cumulative_shapley
0,0.2850905703101308
1,0.24714408076368247
2,0.21316080009564758
3,0.3100164721999315
4,-0.7311451593879605
