client_id,cumulative_shapley
0,0.23976043791510163
1,0.21822668382897975
2,0.22358270725701
3,0.21849695296958083
4,-0.6649560581147673
