client_id,cumulative_shapley
0,0.08407206490635873
1,0.07135196447372437
2,0.07546132780611514
3,0.05285081047564745
4,-0.0700912293791771
