client_id,cumulative_shapley
0,0.031213769204914574
1,0.04261538285762069
2,0.03714149579405785
3,0.0348704931885004
4,-0.007907559946179385
