{
  "0": 0.0015600853284202239,
  "1": 0.0008286640167235461,
  "2": -0.0004194111506144276,
  "3": 0.0030395833969116084,
  "4": -0.003942675558726073
}