client_id,cumulative_shapley
0,0.6628882856201382
1,0.7021874343883248
2,0.6519917646795509
3,0.623754342570901
4,-2.252451677024364
