client_id,cumulative_shapley
0,0.07315579518675802
1,0.0905374513566494
2,0.05302698951214552
3,0.07640689202584326
4,0.011230446249246621
