client_id,cumulative_shapley
0,0.10746979048242794
1,0.0994913623575121
2,0.09430158991366624
3,0.11039236137643456
4,-0.08851679541170597
