{
  "0": -0.00209181607564306,
  "1": -0.006507714875539259,
  "2": 0.0033785368919371896,
  "3": -0.000717486031850112,
  "4": 0.00422940797805796
}