{
  "0": -0.001333983008066834,
  "1": -0.0020620434125264413,
  "2": -0.0032191526730855607,
  "3": 0.00015421336491904615,
  "4": 0.0010472675323485465
}