{
  "0": 0.0024747615814209186,
  "1": -0.0001885932922362167,
  "2": -0.0008653065999349109,
  "3": -0.0016882577578226125,
  "4": -0.003278458499908399
}