{
  "0": 0.0006750186920166936,
  "1": -0.0023153561909995775,
  "2": 0.004269118372599282,
  "3": -0.0023802586555480656,
  "4": 0.005191501204172814
}