{
  "0": 0.001056277084350728,
  "1": -0.0015026539484658784,
  "2": -0.002861985874176017,
  "3": 0.0008658399264017161,
  "4": 0.003519501495361348
}