{
  "0": 0.0022861666043599185,
  "1": -0.003963390572865795,
  "2": -0.0030620206832884913,
  "3": 0.0014619050979614468,
  "4": -0.0015208686828612687
}