{
  "0": -0.000188332939148017,
  "1": 0.00030083649953203126,
  "2": -0.002023291333516442,
  "3": -0.00037732003529868953,
  "4": -4.741198221849276e-05
}