client_id,cumulative_shapley
0,0.817648358009756
1,0.8113774020969867
2,0.7978594811819493
3,0.8006659005954863
4,-2.769483142569663
