{
  "0": -0.005022595437367731,
  "1": -0.0016538153012592388,
  "2": -0.007838378461201886,
  "3": -0.006247224680582824,
  "4": -0.0018851437886555412
}