{
  "0": -0.004059309005737322,
  "1": -0.0057479235331218065,
  "2": -0.00657136726379403,
  "3": -0.007830377737681093,
  "4": -0.0061015350023905165
}