{
  "0": -0.0022006687482198396,
  "1": -0.002300478712717791,
  "2": -0.006407874520619736,
  "3": 0.0023506648381552845,
  "4": -0.0024009400367736612
}