{
  "0": 0.002158348433176571,
  "1": -0.0025034619649252285,
  "2": -0.0013010256767272891,
  "3": 0.0013339605649312248,
  "4": 0.0011731119473774663
}