client_id,cumulative_shapley
0,0.14161292612552645
1,0.15254275254905222
2,0.11314213100820782
3,0.11051016643643381
4,0.023105001226067547
