client_id,cumulative_shapley
0,0.2725963506521657
1,0.24704670560080555
2,0.24625908010639252
3,0.22018033705651757
4,-0.4637982276268304
