client_id,cumulative_shapley
0,0.7932933122385291
1,0.6868910296540708
2,0.7279556447267536
3,0.6658047584642189
4,-2.211948687145485
