client_id,cumulative_shapley
0,0.5377779613714663
1,0.5024688592890748
2,0.6191401359532035
3,0.5695665719802492
4,-1.6004795307619495
