{
  "0": -0.010562366040547787,
  "1": 0.0016245633443197148,
  "2": -0.0030180712064107624,
  "3": -0.006137500953674189,
  "4": -0.006979289404551274
}