{
  "0": 0.00013168347676593885,
  "1": -0.00041955235799153004,
  "2": 0.004978746223449685,
  "3": 0.001650953896840505,
  "4": -0.0002898273785909343
}