client_id,cumulative_shapley
0,0.6148327158484616
1,0.6768687857221809
2,0.5547566090431068
3,0.6186178326187656
4,-1.809066168209537
