client_id,cumulative_shapley
0,0.30292160611599683
1,0.25514469377696525
2,0.25155032415874296
3,0.2227989047206937
4,-0.526271595880389
