client_id,cumulative_shapley
0,0.14653606928884985
1,0.1352693037688732
2,0.12774595577269793
3,0.13403128184378144
4,-0.034551147334277624
