client_id,cumulative_shapley
0,0.10514394905418158
1,0.09556750157848003
2,0.048679840313270696
3,0.09421192429959777
4,-0.2188907729275525
