client_id,cumulative_shapley
0,0.049468614757061
1,0.031420092843472955
2,0.03782496340572834
3,0.04327774956822395
4,-0.019834026992321015
