client_id,cumulative_shapley
0,0.10620155286043882
1,0.10013636149466039
2,0.1242854604125023
3,0.11555547334253785
4,0.02772151082754135
