client_id,cumulative_shapley
0,1.8513759380578994
1,1.8835706642363228
2,1.872353991819545
3,1.7622880827356135
4,-5.663552943021053
