client_id,cumulative_shapley
0,0.6173581683682277
1,0.5853427680907772
2,0.6635873469337815
3,0.6137324761692432
4,-1.7202982436586172
