{
  "0": 0.0028846603393554086,
  "1": -0.0017052107493083389,
  "2": -0.002904713376363155,
  "3": -0.0027058449427286007,
  "4": -0.0004524190266926185
}