{
  "0": 0.002689717706044448,
  "1": -0.0008209205309550381,
  "2": 0.0019454092343648738,
  "3": -0.0006164154052734405,
  "4": 0.0017690917015077267
}