{
  "0": 0.001618160915374737,
  "1": 0.0006603870709737118,
  "2": -0.004966083415349284,
  "3": -0.0024398217678071035,
  "4": -0.0010422003746031934
}