client_id,cumulative_shapley
0,0.8218389911856498
1,0.7740833053365345
2,0.7490587561717253
3,0.8165148322610184
4,-2.5917879629903475
