client_id,cumulative_shapley
0,0.8076568315550683
1,0.8609703642129901
2,0.8140473777428266
3,0.7993213584413753
4,-2.750784895420076
