{
  "0": -0.003264053026835212,
  "1": -0.0007741483052571496,
  "2": 0.000325563589731807,
  "3": -0.0018647945721945206,
  "4": -0.0008250048955281919
}