client_id,cumulative_shapley
0,0.041914959587156776
1,0.03662546589970588
2,0.04759265856817366
3,0.033300291858613495
4,-0.07950722992420196
