client_id,cumulative_shapley
0,0.24695126824080946
1,0.262407943068538
2,0.25103070559911433
3,0.2467810428701342
4,-0.778294155150652
