client_id,cumulative_shapley
0,0.11114492371678356
1,0.11343965112231673
2,0.13290966765955087
3,0.11275378778576849
4,0.004270743876695628
