{
  "0": -0.0005677289644877349,
  "1": 0.0024404902776082355,
  "2": 0.0011438397089640192,
  "3": 0.0033524777412414623,
  "4": 0.003803851000467821
}