client_id,cumulative_shapley
0,0.06163405403494837
1,0.06023797966539859
2,0.05292971119284629
3,0.0586434881389141
4,-0.09356237456202507
