client_id,cumulative_shapley
0,0.26205565689131616
1,0.24263191476464263
2,0.2420654786191881
3,0.2195031145401299
4,-0.6992497379146517
