{
  "0": -0.0009116953214009923,
  "1": -0.00735380109151198,
  "2": -0.0011908842722573533,
  "3": 0.0016792295773824014,
  "4": 0.002263771057128879
}