client_id,cumulative_shapley
0,0.6834244736493563
1,0.6231117444578559
2,0.558946049348451
3,0.6112734411144626
4,-1.6004323870362716
