{
  "0": -0.0020249343554178843,
  "1": 6.120897928877004e-05,
  "2": 0.002246652539571155,
  "3": 0.001978846009572425,
  "4": -0.0030938845316567177
}