{
  "0": -0.0009696081161498633,
  "1": -0.00553519976933794,
  "2": -0.0019206542650858308,
  "3": -0.0026961811065673896,
  "4": -0.0029294221878051426
}