client_id,cumulative_shapley
0,0.22206806051544853
1,0.2690380559768528
2,0.26593677561730134
3,0.27393508193083116
4,-0.7666241370700299
