{
  "0": -0.005126411374410004,
  "1": -0.006831590270996063,
  "2": -0.0024603723843892537,
  "3": -0.0038124555905659995,
  "4": -0.00290772209167484
}