client_id,cumulative_shapley
0,0.0312386018782854
1,0.026953539624810223
2,0.02230676274746656
3,0.025558034777641295
4,-0.03889163114130496
