{
  "0": -0.0022162412007649345,
  "1": -0.010066771825154646,
  "2": -0.0013296621640522294,
  "3": -0.0017779332796731494,
  "4": -0.0003749383290609404
}