{
  "0": -0.002711970933278456,
  "1": -0.0014486506462097217,
  "2": 0.0002811738967894699,
  "3": -0.0001492981592814336,
  "4": -0.005513742256164589
}