client_id,cumulative_shapley
0,0.1256746099889278
1,0.14088330045342445
2,0.12272697698324919
3,0.09121003434062007
4,-0.009465109556913362
