client_id,cumulative_shapley
0,0.594917541122995
1,0.6078123277844857
2,0.5913219290622512
3,0.6267764907726092
4,-1.6480892692832274
