client_id,cumulative_shapley
0,0.1432555425912142
1,0.10688695780932901
2,0.12962613463401793
3,0.12226329524070025
4,-0.29027786850929266
