client_id,cumulative_shapley
0,0.2826844911649822
1,0.3044148518610746
2,0.2497113366750999
3,0.28318927386775594
4,-0.7047207060409708
