client_id,cumulative_shapley
0,0.029192765951156628
1,0.02492855321615934
2,0.026407446078956127
3,0.010842605605721468
4,-0.12059404812753202
