{
  "0": -0.0048170322100321945,
  "1": -0.004665305328369137,
  "2": -0.004598487567901599,
  "3": -0.0031079219500223707,
  "4": 0.00015128482182820907
}