{
  "0": -0.004003310743967744,
  "1": -0.004604715728759853,
  "2": -0.005740794404347848,
  "3": 0.0006366698900858319,
  "4": 0.001955707963307774
}