client_id,cumulative_shapley
0,0.018421210944652558
1,0.015238595828413963
2,0.022764595225453387
3,0.01729862231761218
4,-0.0681746007502079
