client_id,cumulative_shapley
0,0.1570134873129427
1,0.12174865775741628
2,0.13196649987250567
3,0.16494699398055676
4,-0.1872667781915515
