client_id,cumulative_shapley
0,0.6317659820336851
1,0.5461147459782663
2,0.5661729788826777
3,0.5872825599554923
4,-1.7651649343827742
