{
  "0": -0.005190128962198882,
  "1": -0.005304827531178861,
  "2": -0.002425601005554194,
  "3": -0.0029778226216634687,
  "4": -0.00311182800928745
}